sender,nominal_interval_s,p_g2b_full,r_b2g_full,pi_bad_full,eps_good_full,eps_bad_full,loglik_full,mean_bad_run_pkts_full,mean_good_run_pkts_full,p_g2b_steady_fl,r_b2g_steady_fl,pi_bad_steady_fl,eps_good_steady_fl,eps_bad_steady_fl,loglik_steady_fl,mean_bad_run_pkts_steady_fl,mean_good_run_pkts_steady_fl,p_g2b_steady_rp,r_b2g_steady_rp,pi_bad_steady_rp,eps_good_steady_rp,eps_bad_steady_rp,loglik_steady_rp,mean_bad_run_pkts_steady_rp,mean_good_run_pkts_steady_rp
100,0.09999999999999432,0.0009325464625513205,0.004465940421747684,0.17274219286584633,0.013794721960570917,0.9920401822878147,-122.15577328193504,223.91700416116697,1072.3326291583753,0.0009395351881498826,0.005163516602847543,0.15394514422043498,0.013471655325532912,0.9899138989003242,-121.31777579998176,193.66646355867752,1064.3560907699302,0.0035103487715478945,0.6182347692623655,0.005645961133797629,0.008411115779712795,0.7297612529432006,-70.71288005051612,1.61750850925633,284.87197856384176
106,0.09999999999999432,0.0009431577014233914,0.004459602847208395,0.17456959140309114,0.022237640219847206,0.9869830770814768,-166.5662353981256,224.235214269355,1060.2680744596832,0.0009447652276461306,0.0050362138244528796,0.1579616346114049,0.022092497641050434,0.984894155929036,-165.58593796112075,198.56186310926486,1058.464019142074,1e-06,0.05340638869297435,1.8724001013207153e-05,0.01609901292320627,0.31742556607869177,-100.91261357639326,18.724351607985632,1000000.0
112,0.09999999999999432,0.0010393159932530751,0.004494597075549425,0.18780851457754755,0.007606829068807635,0.9804801751440358,-111.77490894284256,222.48935403798322,962.1712804302997,0.001046400750313221,0.005097885145789949,0.17030469740623064,0.00742286878529947,0.97734090297101,-110.36949847757566,196.15977437738917,955.6568071082406,1e-06,0.017613107578823693,5.677267471684092e-05,0.003302885895135387,0.15401187191236312,-48.03125002441524,56.775898036431904,1000000.0
118,0.09999999999999432,0.001336573433194726,0.004120002778194966,0.2449472675566873,0.0074982335217958765,0.9678465665059186,-140.92599305628366,242.71828293235149,748.1818620393823,0.001276578515349482,0.004401313776535637,0.22483316866964465,0.0074380697375585605,0.9642505080755667,-139.06594135760017,227.20488717055758,783.3439055851848,0.0010836499007130286,0.004525120036851656,0.19320633806983123,0.006481691721713221,0.999999,-56.832270019301724,220.98861286688611,922.8072639899768
124,0.09999999999999432,0.0010973486819757835,0.004075710935819594,0.21212759238283138,0.020760205755896603,0.9932318652883951,-135.48208096549044,245.35596752248762,911.28737512993,0.0010858718998129422,0.002399178298251072,0.3115799882642025,0.02547299330253655,0.9980622455840734,-133.71526111721454,416.80937207916963,920.9189409655642,1e-06,0.015803060827882992,6.327487668458648e-05,0.004582837305558349,0.22099928615646874,-61.78868874921467,63.278880647956214,1000000.0
130,0.09999999999999432,0.0011077264070518296,0.0040118773781796235,0.21636955778634542,0.03364490820871013,0.9915831568340636,-179.3247381612673,249.25986158972455,902.7499873921583,0.0011090222865955683,0.004497084667848909,0.1978239615489933,0.03361974211517732,0.9905130885039415,-178.61120867213722,222.36628257175556,901.6951346124517,1e-06,0.04879947026529361,2.049160580961019e-05,0.024753698158210602,0.39305030514234396,-118.03235222046965,20.49202572412357,1000000.0
136,0.09999999999999432,0.001130319645135485,0.004067269332937425,0.2174699942423245,0.040506638861232534,0.9924437382484327,-192.0743145732145,245.86520295123643,884.705493975676,0.001114711860564081,0.002399659937752854,0.31718666223588715,0.04730707314652993,0.9997155119411514,-187.75495239887584,416.72571361775687,897.0928141860508,1e-06,0.022941044100558805,4.3588095098101686e-05,0.028741478873955284,0.22516075156832535,-134.97279261500196,43.58999510295356,1000000.0
142,0.09999999999999432,0.00190181451588942,0.005971928612601131,0.241538806239163,0.022066060980643003,0.9907358543588917,-146.26859045902967,167.4500927372004,525.813633056813,0.0016011990900595325,0.0037181682413676585,0.3010130698437645,0.028762263853655764,0.99814754526897,-142.758419225805,268.94963731715615,624.5319562121535,1e-06,0.01647576591206226,6.069152194897198e-05,0.006026824713545049,0.24654404627867235,-67.43730919449496,60.69520563337688,1000000.0
148,0.09999999999999432,0.0032641179133662394,0.008144958444860934,0.28609834932101746,0.015782821079594878,0.9797482931637832,-153.34398561157857,122.7753348000137,306.3614815828494,0.0028947897450523406,0.008363163971845913,0.2571328518349871,0.015572767865928495,0.9746310240835068,-151.72615209248315,119.57197101078488,345.44823219342965,0.010162651459012177,0.2392856616885095,0.04074050985064015,0.007708717473165214,0.2247759092053934,-70.03852668635336,4.179105396217812,98.39951749139307
154,0.09999999999999432,1e-06,0.001754439837336163,0.0005696578024100646,0.01646094399755073,0.999999,-68.52791907343813,569.9824973869382,1000000.0,0.0524075627966301,0.19411034323635254,0.21259130275761096,0.01567272691255672,0.019288817769107253,-61.198403214793714,5.151708988440562,19.08121550854301,1e-06,0.001754439837336163,0.0005696578024100646,0.01646094399755073,0.999999,-68.52791907343813,569.9824973869382,1000000.0
16,0.09999999999999432,0.002645026724260764,0.0066989083551669375,0.28307417611282965,0.03149432713619861,0.9901292319391625,-236.2348178949436,149.27805352474925,378.0680137662811,0.0026550873096905696,0.007382085963082643,0.2645254034711891,0.03133194575064443,0.9888482171161721,-235.26894891413153,135.46306626622047,376.6354486160165,0.0009100203597262906,0.007365014709922592,0.10997178284646275,0.029105603219114356,0.999999,-163.11678640028725,135.77705400272177,1098.8765133790773
160,0.09999999999999432,0.0026846258038487987,0.006110161552085756,0.30525192880726837,0.016899296019770183,0.9918965996443337,-119.61070976917144,163.6617937963754,372.4913910036757,0.002674571461401987,0.0067849785583541005,0.28273770483968014,0.016461763394061114,0.9901110033252455,-118.81105351950612,147.38440090849454,373.8916736499569,1e-06,0.017916787773842657,5.581046123672998e-05,0.004738646805088604,0.11959971807644842,-42.9876938974343,55.81357621816199,1000000.0
166,0.09999999999999432,0.006743155966186315,0.008169472061084192,0.4521775741911623,0.017269880015512155,0.9977286801530104,-115.12887906169723,122.40693064654259,148.29851259773898,0.0066908236921222174,0.0072202929288329035,0.48096956372599464,0.01751345602382229,0.9976938942130766,-109.82327105809193,138.49853598137065,149.4584293376914,0.017069671849390577,0.07926630838340348,0.17718895690002884,1.1453766857146465e-05,0.06085184970911523,-36.061702566691295,12.615700420449715,58.58343434034452
172,0.09999999999999432,0.0018421588586233584,0.0047826686112798925,0.27806895605845283,0.012722107344590238,0.9767565235704091,-125.46320051049398,209.0882896719013,542.8413490611217,0.0035907083766441804,0.006098219860756763,0.3705991301270478,0.012307023592676434,0.9786446794145591,-121.7153429007108,163.9822805398007,278.49657925564657,0.0016705432160660945,0.005360756207468008,0.2375866984806115,0.0071037310638499915,0.9935810263396365,-67.5037779213059,186.54084634681044,598.607680653043
178,0.09999999999999432,0.0014011666692553947,0.0043635579699121225,0.24305873341033282,0.011138336627987376,0.9890190447211675,-91.89953322155431,229.17078377215623,713.6909704906255,0.001401312786314366,0.00498069200453891,0.21957250616964988,0.011133131119927222,0.987437148518455,-90.96101592255036,200.77531376939166,713.6165528255325,0.001412189963290679,0.0026080982269308683,0.35126585370807883,0.009855655455447936,0.9973926072839244,-60.76136061657765,383.4211417630424,708.1200305869645
184,0.09999999999999432,0.0017052915511795604,0.0050133680203618535,0.25381425164072235,0.034570012693705535,0.999999,-128.26119594410628,199.46670500519573,586.4099891354613,0.0015805607247397122,0.0029458561472383645,0.34918585040732136,0.03485339391314662,0.999999,-122.53412845960929,339.4598887448949,632.6868587505113,0.0014681215761842186,0.005291040175038532,0.21720468161878675,0.027194604836051156,0.999999,-107.21092631374113,188.99875391566414,681.1424995190731
190,0.09999999999999432,0.003511341079474072,0.007391063831293861,0.32207032376921174,0.015277336046817988,0.9926553492569857,-105.9996140075368,135.29852032477206,284.79147350441383,0.005764599340585679,0.00963873193210392,0.3742436774573838,0.015280651088640872,0.9967446300593368,-105.44902149567747,103.74808709735767,173.47259382963477,0.0015276526760364775,0.005182019806802333,0.2276791721121594,0.013711978878034096,0.999999,-67.54722667595087,192.97494746880747,654.5990562426258
196,0.09999999999999432,0.0016491194154380977,0.00438403815357347,0.2733426728167284,0.010051633709196291,0.9833532089316591,-92.78758083434212,228.10020464463585,606.3842258108061,0.0016453319287371272,0.004900906990933181,0.2513400364586742,0.009685538681215407,0.9807658265891609,-91.6525867310466,204.04386409495808,607.7800974588446,1e-06,0.15736772360170517,6.3545028333010155e-06,0.009692483458673967,0.6207930425714407,-39.95683790644686,6.354543213263869,1000000.0
202,0.09999999999999432,0.001971325817637088,0.004974413666764492,0.28381798972797645,0.023641937724829337,0.9953078562837542,-103.17628406163689,201.02871755143556,507.27281662583863,0.002143218962379525,0.00589018119842326,0.2667885228519914,0.02292127624964224,0.9943320802095497,-102.62922350905447,169.7740640419839,466.5878837175565,0.007122479994604972,0.17324221132609352,0.03948932544641349,0.006031078503764697,0.2900917770016216,-50.59266592687584,5.772265271526128,140.4005347515844
208,0.09999999999999432,0.0024992011703198667,0.005237381692432766,0.3230368257738359,0.030348206607344202,0.9915386437822814,-122.33210263449233,190.93510053789868,400.1278536021222,0.002614077536561834,0.0059525690160424265,0.30514595419687934,0.029888022218540172,0.9904817987398657,-121.67650895481948,167.99469225891502,382.5441235057053,1e-06,0.03427417292256575,2.9175636903691002e-05,0.013187521737893676,0.4450737149339856,-60.156502044400625,29.176488146315286,1000000.0
214,0.09999999999999432,0.0019300051254166491,0.004306461260104339,0.3094709417335244,0.06190536871467086,0.9907442730718794,-166.3099745759198,232.20921763865385,518.1333390418433,0.0037902224311988798,0.005004613643559526,0.4309599859486861,0.06544054040354796,0.9957948808744358,-163.82487599661795,199.81562438629152,263.836758436283,0.0019380441223792522,0.0025803068277563106,0.42892731081925045,0.05403730557906172,0.999999,-123.13691150446606,387.55080955606496,515.9841246402293
22,0.09999999999999432,0.0025812008188815542,0.007385589654274647,0.25898014268821695,0.011480475871634942,0.981218050755576,-163.13653259795393,135.3988031844171,387.41658250104865,0.0026480588187286287,0.008663572553213239,0.23410052287392005,0.010803107953454311,0.9763832710653453,-161.23251315819078,115.42582391476704,377.63511630761826,0.0009357253843870079,0.0198372968676855,0.0450452212986799,0.0007776270114380979,0.29676487263473855,-53.90352373890691,50.410094009783,1068.6896141597124
220,0.09999999999999432,0.002040048186111364,0.004548578067747398,0.3096317969040312,0.024331235444962608,0.9858043211762717,-112.11548902505916,219.8489253357439,490.1844999583804,0.0038972231452782673,0.005348070835878649,0.42153588119764535,0.03764847462875337,0.999999,-110.70102339570121,186.9833124294636,256.592954193953,1e-06,0.03624699635895882,2.7587731749284578e-05,0.006250555966927025,0.2533716191568785,-36.019154082492264,27.588492853224782,1000000.0
226,0.09999999999999432,0.002150076794918138,0.004707474047259156,0.3135342113242695,0.029744604632003065,0.9952362565585484,-99.94839771266021,212.4281493558594,465.09966637636956,0.004285833699286948,0.005503223970783119,0.4378188221723156,0.029597609842393548,0.9973233151462602,-99.66743204239238,181.7116667082874,233.3268321088553,0.002195837403789761,0.005347856281993995,0.2910825247223202,0.01550232467919228,0.9957901693151154,-68.54635778270693,186.9908141262056,455.4071254429475
232,0.09999999999999432,0.0022440724389534133,0.004500261104129288,0.332734498467241,0.06732228156468549,0.9919134866485264,-152.95327694974353,222.20932893925504,445.6184134886387,0.004189713085835902,0.005001018322156926,0.4558628578996737,0.07181142860391693,0.9967451664958102,-150.33643290707468,199.9592754078739,238.6798283110804,0.002249904052768297,0.002648143783576143,0.45934709662767764,0.06051940669979574,0.999999,-115.92141867110426,377.6230000055231,444.46339779227173
238,0.09999999999999432,0.022636980864890723,0.019476812152024705,0.5375194026289286,0.28572000059779706,0.99623654949156,-305.00361887491914,51.34310441537248,44.175502288424426,0.02365350629835715,0.021232956639287093,0.5269630251600873,0.29376846547101415,0.9999609297304268,-301.06072289341125,47.09659690773878,42.27703019528462,0.006390587843081118,0.03014783942740056,0.17490046289550853,0.03710615552224232,0.4897486083043586,-65.45221972186802,33.16987283311344,156.4801274240628
244,0.09999999999999432,0.004363489820889052,0.00585160681052081,0.4271608951277061,0.03886288411841465,0.9963362202014556,-100.87238419816501,170.89323195845367,229.17436296350797,0.00524190231825402,0.0051008763574326875,0.5068176050770983,0.03875817278710376,0.9975037319985008,-95.48862250508319,196.04474406498025,190.77043776982882,0.0026199719358032743,0.005113442388812032,0.3387859263487222,0.03890552798420795,0.999999,-82.8862929627748,195.56297381739398,381.6834777252694
250,0.09999999999999432,0.002885374148194536,0.004458231212759865,0.39290975023466435,0.030559351903462713,0.9890271034880672,-96.38588415815909,224.3042032315212,346.57550412508186,0.0028903569057004645,0.0048886903889470475,0.37155666963089645,0.030521806738983758,0.9879478188250904,-95.73751710136398,204.55375989056762,345.9780340717662,0.0028375206870272654,0.002681123539327983,0.5141698885889745,0.030632174686691827,0.999999,-62.941009547934996,372.9779643987041,352.4203381395087
256,0.09999999999999432,0.003323219816424881,0.004793737974887993,0.4094169147930691,0.0751028485024507,0.995417108691654,-124.21469283138521,208.6054776540775,300.91298657330464,0.0066942018826007315,0.005826096691103551,0.5346679109282751,0.07392547807045084,0.997352864871368,-123.45507171212137,171.64150425567084,149.38300600093268,0.0004303514230313886,0.10389232856817808,0.004125195241031492,0.03400997462596791,0.24241570064610174,-52.03957763450371,9.625349761448096,2323.6823360685457
262,0.09999999999999432,0.0033760049030664052,0.004703256703737965,0.41786057530593235,0.08170665213326088,0.999999,-109.3160352173719,212.61863066186436,296.2081006137479,0.003277506307212236,0.0027437708169096705,0.5443207877083386,0.08168920946974732,0.999999,-103.58323830033848,364.4619272998564,305.11001544054227,1e-06,0.10862661038753554,9.205762664137043e-06,0.04169777499312469,0.6335612471402666,-58.33260251194889,9.20584741098343,1000000.0
268,0.09999999999999432,0.00439384917611907,0.005050846083882549,0.46521873444949213,0.5859302598985777,0.999999,-208.82385427958476,197.986631030203,227.59087986794856,0.004045732495643392,0.0029816763804835747,0.5757075711628616,0.5851314696468853,0.999999,-203.9464250844283,335.3818028493816,247.1740287023031,1e-06,0.40430304984394555,2.4733860578096682e-06,0.27304599664446727,0.999999,-36.23085441265869,2.47339217546339,1000000.0
274,0.09999999999999432,0.005080290516308781,0.00472056910907432,0.5183515232838772,0.034997520506883,0.9814866304417202,-98.31239375078741,211.83886452964038,196.83913681506868,0.004923237583035693,0.0052225885507691285,0.485247580444138,0.0348513798702332,0.9788747086920352,-97.01686189636223,191.47593004483005,203.11837142407313,1e-06,0.02100879390672948,4.759684956641568e-05,0.006465674979610189,0.20549776689511845,-33.49485824056219,47.59911513433823,1000000.0
28,0.09999999999999432,0.005286798773567462,0.010965502445294378,0.3252953967793676,0.018435403528050783,0.9894539190898997,-202.03919458939555,91.1950916055953,189.1503805667287,0.00497228640164803,0.010930283237773156,0.31267188350001834,0.015752283182110537,0.9811207374578272,-200.6124567589714,91.48893750018975,201.1147225285649,0.0011493157296583118,0.015511833476662336,0.06898178003365471,0.004201135930747852,0.18410017835320996,-75.84996826353198,64.46691176155979,870.0829321263158
280,0.09999999999999432,0.007161099428806116,0.005925420874147128,0.5472118839100465,0.07955458439515113,0.9963931652440434,-96.24875976096105,168.7643833644027,139.64336202028102,0.005096480888929199,0.0031201873801087483,0.6202612448325022,0.10036415128704258,0.999999,-90.50212623719528,320.493572397292,196.21382318380594,1e-06,0.02085488499709754,4.794809715047658e-05,0.006196784374488145,0.2711478520176355,-36.678492613242284,47.95039628073586,1000000.0
286,0.09999999999999432,0.007270239722114232,0.005181233864958573,0.5838858887884755,0.06665633190567613,0.9915154613172021,-87.34125865729428,193.00421985642132,137.54704634542554,0.015613812748179301,0.007635038051073671,0.6715950342234122,0.08140288070662512,0.999999,-84.79432892183402,130.97511673296452,64.04585581549313,1e-06,0.028715658971852378,3.482299249993477e-05,0.026228371131454296,0.17931391630528362,-34.93391660870958,34.82420518297068,1000000.0
292,0.09999999999999432,0.00867966517617512,0.004850330160840897,0.6415127987833722,0.06302981821120349,0.9876270893006021,-83.8742477774653,206.1715320069327,115.21181747251124,0.018152711913743427,0.006367344481401084,0.7403209691368429,0.0627164049717718,0.9903420263001196,-82.9411581852026,157.05134266270414,55.088187635639144,0.007590374678185832,0.0026100301880897935,0.7441248438364418,0.052403457901386785,0.999999,-40.26604821282717,383.13733096392707,131.7458020713951
298,0.09999999999999432,0.011963929821183102,0.004184084198350411,0.740891716263739,0.17126317798257737,0.9956016977180248,-71.0336557091363,239.00092650961787,83.58457588320347,0.022743504954664345,0.0048345885146399824,0.8246946069705253,0.18693060767596598,0.9985169251127541,-68.6820096382514,206.84283615282345,43.96859683647464,0.013699753574869356,0.0024142725995387696,0.8501757057231883,0.1502114565477725,0.999999,-43.2720435471502,414.2034334445262,72.99401369046423
304,0.09999999999999432,1e-06,0.014543537835509613,6.875433315994134e-05,0.21685283771637678,0.9703389226441836,-45.592264638892914,68.75906064330457,1000000.0,1e-06,0.0705718468204221,1.4169755721270179e-05,0.21706003812452482,0.8324765111064305,-40.38975662860691,14.16995650609245,1000000.0,1e-06,0.129748940625492,7.707132621250154e-06,0.19710611060680072,0.999999,-30.72085886426432,7.707192021601202,1000000.0
316,0.09999999999999432,1e-06,0.014022114841136593,7.13108329589169e-05,0.16981438774440705,0.9473703030330785,-40.806529459033825,71.31591855647238,1000000.0,1e-06,0.04108439079273067,2.4339551862725184e-05,0.13556366003834272,0.7728001794309242,-33.63005847100199,24.3401442909295,1000000.0,1e-06,0.5521193222465423,1.8111994065551942e-06,0.10422713843225262,0.999999,-14.195215813279153,1.8112026870044262,1000000.0
328,0.09999999999999432,1e-06,0.016782783835853757,5.958132026604071e-05,0.28825338228992536,0.999999,-40.507124295853714,59.5848704112877,1000000.0,0.22968562710995924,0.36526256748511426,0.3860598774760298,0.094698518233863,0.5946771179009886,-35.14493063131115,2.7377565866799465,4.353776997640614,1e-06,0.016782783835853757,5.958132026604071e-05,0.28825338228992536,0.999999,-40.507124295853714,59.5848704112877,1000000.0
34,0.09999999999999432,0.0017468833084712694,0.005329334337745472,0.2468668144210107,0.021559573249699412,0.9853105034865383,-191.83328183208496,187.64069518352665,572.4480823364893,0.0017479481392528716,0.006028042871693705,0.2247878292030192,0.02141013697406681,0.982815804867057,-190.64123614906623,165.8913218244961,572.0993532608077,0.0010702309041148747,0.026484531782247897,0.03884014231211458,0.008644487639414555,0.22742941943598013,-101.35484526970583,37.75788857518266,934.3778021688146
340,0.09999999999999432,1e-06,0.014077055992230135,7.1032534644834e-05,0.2255069078481999,0.9594069102861201,-46.42066997380499,71.03758062424077,1000000.0,0.010870679245595668,0.06232918849215035,0.14850681540221045,0.1903283902044785,0.8334744944252644,-41.18344516049071,16.04384758075165,91.99057183157686,1e-06,0.2667176114761192,3.7492696683805866e-06,0.15027086607812465,0.999999,-21.96827142229227,3.7492837254563365,1000000.0
346,0.09999999999999432,1e-06,0.017403342371816673,5.7456925325677755e-05,0.3444152619188259,0.999999,-44.31570864656342,57.46022681363899,1000000.0,0.24919196374921873,0.5771709889618766,0.30155268085492054,0.10132633441915981,0.9020244892711657,-39.00170571028823,1.7325888153156157,4.01297050255753,1e-06,0.37810653776454123,2.644750236697819e-06,0.1917651754828524,0.999999,-19.744011995112267,2.644757231420133,1000000.0
352,0.09999999999999432,0.003113647176382471,0.016548255583428907,0.1583594026691413,0.2581933733762662,0.9532678768474884,-60.49362347514242,60.42933014651889,321.16676789366676,1e-06,0.02237590625364092,4.468893012577603e-05,0.1532414126166568,0.696721986608564,-51.69241384355054,44.6909273155041,1000000.0,1e-06,0.17256708662416453,5.7948142067420416e-06,0.1382870626516288,0.5220550075941274,-21.856959682817596,5.794847786808323,1000000.0
358,0.09999999999999432,1e-06,0.013855936728807831,7.216602194055296e-05,0.2981791446080079,0.9390739366104389,-61.18190686466335,72.17123025113874,1000000.0,0.23489583295592423,0.30256490471265857,0.4370474278267546,0.045301019474171755,0.9053805504182839,-54.60520501194324,3.3050759834478662,4.25720621526581,1e-06,0.1236977173202599,8.084158200371376e-06,0.14187179457426333,0.5189301279154914,-23.08485362677085,8.08422355451352,1000000.0
364,0.09999999999999432,1e-06,0.01651453423943341,6.0549055543861495e-05,0.31388161951630966,0.966354606827456,-55.50778418748391,60.55272195398642,1000000.0,1e-06,0.06250728499509514,1.5997879322372504e-05,0.3091148923011728,0.7874472274153107,-50.524499968611345,15.998135258609754,1000000.0,0.004300629986963209,0.6220259201452867,0.006866434108621332,0.19737320782327258,0.999999,-21.281317002491594,1.6076500473909991,232.5240727594254
370,0.09999999999999432,1e-06,0.014156260473139138,7.063513466445861e-05,0.20850586720779987,0.9572877437033626,-47.17705227056493,70.64012433915401,1000000.0,1e-06,0.053067194339597,1.8843678637353726e-05,0.20864070574318963,0.8309016660077313,-41.53131824586743,18.844033728269533,1000000.0,0.2511570095954497,0.06670106197174275,0.7901545754591834,0.009631052913545877,0.24113992787018676,-23.016964516601803,14.99226504704888,3.981573126749465
376,0.09999999999999432,0.033918077129643794,0.019177646836153167,0.6388099567395114,0.14310702715124132,0.939220740492459,-50.73762080264167,52.144040848370814,29.482803408275107,0.08484439629819293,0.07900155032483573,0.5178303036900883,0.06624616928131315,0.8417217180833207,-40.46788337100429,12.65797944329239,11.786282225232812,0.03342419175073582,0.16293214816143867,0.1702221164118544,0.07205465238563061,0.790502469408903,-24.091614961014038,6.137524185890966,29.918449710245735
382,0.09999999999999432,1e-06,0.016608437693742255,6.0206734173593264e-05,0.31553740617511317,0.9795411052235731,-53.126767875647865,60.21035924268669,1000000.0,0.03586500524818456,0.0436239375750275,0.45119489547056096,0.03638124801768261,0.6483097244375651,-42.90222572104983,22.92319436502333,27.88233245973437,0.05244671918397514,1e-06,0.9999809333939481,1e-06,0.23885775161590517,-12.948389405940258,1000000.0,19.06696959426864
388,0.09999999999999432,1e-06,0.014622949812729637,6.838097865526966e-05,0.2431482256292272,0.9752497347526988,-39.76992653664666,68.38565493327998,1000000.0,1e-06,0.05377529709493676,1.859555332035224e-05,0.23393313390283288,0.8842104611697044,-35.795622880357385,18.595899121385894,1000000.0,0.004521249189286908,0.18650871201949928,0.023667749083325255,0.21393044012447968,0.3313119182825796,-25.68099731737715,5.361679833462423,221.1778112937235
394,0.09999999999999432,1e-06,0.0168243974714068,5.943395998218806e-05,0.36141848966373835,0.9478783040488391,-42.327801971183106,59.43749258774397,1000000.0,0.058132060619115335,0.07457550212592405,0.4380463284583102,0.2705017208451618,0.7669740458266967,-36.39283857581419,13.409229190457955,17.20221147074174,0.058132060619115335,0.07457550212592405,0.4380463284583102,0.2705017208451618,0.7669740458266967,-36.39283857581419,13.409229190457955,17.20221147074174
40,0.09999999999999432,0.0017541622307584643,0.007019924463362323,0.19992533603911936,0.01760238754603303,0.999999,-143.08240508579502,142.45167525934195,570.0727004979581,0.0017224800026535362,0.005455277420567748,0.23997467469171027,0.017647242512126394,0.999999,-137.64900408133155,183.30873444304632,580.5582639330893,1e-06,0.013166029481854772,7.594727431711766e-05,0.009191574162540697,0.8809386012579421,-94.09483335070612,75.95304274369013,1000000.0
400,0.09999999999999432,0.16547905610448796,0.035082421136781346,0.8250789652163448,0.8342577635099805,0.9451205289682261,-17.91106531264056,28.504304081555343,6.043060817125841,0.999999,0.22222172268166757,0.8181820038248966,1e-06,0.999999,-9.534723242883691,4.500010115718971,1.000001000001,0.999999,0.22222172268166757,0.8181820038248966,1e-06,0.999999,-9.534723242883691,4.500010115718971,1.000001000001
46,0.09999999999999432,0.0034876144768603784,0.009534499373065664,0.2678224531787661,0.015368060614645306,0.9777984571671563,-193.44990311653262,104.88227654877555,286.728939403939,0.0045332366834920645,0.011632631706945893,0.2804202393589604,0.015195359465449693,0.9808837291008373,-189.6084600696028,85.9650700883873,220.59293829539808,0.0010470155731359106,0.0165653419732342,0.05944778093331971,0.004700085626091109,0.21807113626455638,-84.03275228350543,60.36700006651062,955.0956314860777
52,0.09999999999999432,0.003767579585933972,0.011286296669177614,0.250273054068362,0.024574189384514746,0.9879213197855441,-218.13067150082395,88.60302270194231,265.422395782544,0.004495167304599469,0.012718742787538227,0.26113574896923614,0.02503169665307933,0.9922638511872682,-213.68802231741898,78.62412320970874,222.46113041817082,0.000872503932543808,0.0027047200282977377,0.24390531375579586,0.023745606079879404,0.999999,-147.3260632970322,369.72403410986954,1146.1266393200933
58,0.09999999999999432,0.0037791518085923677,0.009371124265188255,0.2873819368801955,0.01799845991994202,0.9903059973576818,-180.24480265984437,106.71078215393948,264.6096401119364,0.00446913576988538,0.010289666123067831,0.30281155626997264,0.018107567936122924,0.9932498972793631,-175.63351006982182,97.18488316721526,223.75690770872396,0.0007056526479512867,0.01619101238769992,0.04176283582957887,0.005479372697111013,0.2327191167849275,-79.4813515323447,61.76266042262346,1417.1278218869986
64,0.09999999999999432,0.001832474104699576,0.004540057294442746,0.28755827000651707,0.017201114409787242,0.9752993206059949,-184.00488099291982,220.26153749734596,545.7103035919541,0.001835232443985773,0.004915235534770727,0.27186743937771257,0.01715840578358996,0.9729372980426613,-182.70679270225952,203.44904998467084,544.8901054888674,0.0012486411124486502,0.010562619004827006,0.10571616407146382,0.0033332465930275127,0.11891586449025239,-74.02049124527582,94.67348955245006,800.87063450838
70,0.09999999999999432,0.0027019221322827146,0.007865545798801771,0.25568302169481294,0.014630011021038317,0.9812293314434007,-170.83151764540963,127.13675892044758,370.1068909617879,0.0026109333991066255,0.008677013489356218,0.231302771434476,0.014419756006576008,0.9775449680722488,-169.0908635824343,115.24702609102363,383.0047906783707,0.0009332747374013452,0.0024728038046301537,0.2740027060106221,0.012840362774118293,0.999999,-89.84624869601109,404.3992483866166,1071.4958413901225
76,0.09999999999999432,0.0034171372347540016,0.007980850664758385,0.29980179527126793,0.011966762523777163,0.9727212944048719,-193.14170529884495,125.2999262867769,292.6426219671536,0.003841757814604961,0.0079870474934521,0.3247798669903029,0.013336245708056603,0.9746440014318405,-188.04013192082115,125.20271111694464,260.2975117792082,0.0009631335540869456,0.02631104271301261,0.03531302080967922,0.011218291459629028,0.9088125190329953,-106.2806987996533,38.00685555899431,1038.2776051738783
82,0.09999999999999432,0.0008589320354406688,0.004347731050362425,0.16496785393752517,0.006831861793166536,0.9744536016175335,-124.560945921951,230.00502754572193,1164.2364689389624,0.0008576379968283744,0.004808204535955182,0.15136989633332215,0.006810638795904912,0.9716349655599312,-123.12749439514012,207.97784131729813,1165.99311562465,0.0004947755699663855,0.02298659186117349,0.021070986236953033,0.003688055319841786,0.08720557667459244,-49.60892432589493,43.503621852228285,2021.118383164995
88,0.09999999999999432,0.0008551796683885409,0.004593285706229449,0.15695789724065198,0.05371472713651372,0.9950279058321204,-282.6346497805245,217.70907885041692,1169.344918927214,0.0008566100487997693,0.005186888049716931,0.1417407658339486,0.05369333414963349,0.9943256082520536,-282.12489859057473,192.79382751562838,1167.392329101369,0.0008535544729604592,0.0027134276131998846,0.23929317623214158,0.050076960180126015,0.999999,-249.12593314217222,368.5375630200514,1171.5713896168932
94,0.09999999999999432,0.000995789422218048,0.004547621191383735,0.17963479374497254,0.011142298729182211,0.980232125633845,-134.88671384038156,219.89518429869997,1004.2283817120423,0.00192272512752866,0.005412176518437562,0.26213372998478435,0.012030804047859455,0.9848948004915729,-131.65039068924176,184.76854858545695,520.0951429210954,0.000907014252085445,0.0026874900439007713,0.2523336119248091,0.010598674437739906,0.999999,-81.40236718399504,372.09440171489706,1102.5185080617623
