sender,nominal_interval_s,n_packets_full,loss_rate_full,success_rate_full,mean_burst_len_pkts_full,p95_burst_len_pkts_full,max_burst_len_pkts_full,mean_burst_len_s_full,max_burst_len_s_full,recv_rate_pps_full,send_rate_pps_est_full,t_start_full,t_end_full,n_packets_steady_fl,loss_rate_steady_fl,success_rate_steady_fl,mean_burst_len_pkts_steady_fl,p95_burst_len_pkts_steady_fl,max_burst_len_pkts_steady_fl,mean_burst_len_s_steady_fl,max_burst_len_s_steady_fl,recv_rate_pps_steady_fl,send_rate_pps_est_steady_fl,t_start_steady_fl,t_end_steady_fl,n_packets_steady_rp,loss_rate_steady_rp,success_rate_steady_rp,mean_burst_len_pkts_steady_rp,p95_burst_len_pkts_steady_rp,max_burst_len_pkts_steady_rp,mean_burst_len_s_steady_rp,max_burst_len_s_steady_rp,recv_rate_pps_steady_rp,send_rate_pps_est_steady_rp,t_start_steady_rp,t_end_steady_rp
100,0.09999999999999432,1570,0.2980891719745223,0.7019108280254778,23.4,77.00000000000023,381,2.3399999999998666,38.099999999997834,7.307687461745716,10.411133679619576,49.1149,199.915,1509,0.26971504307488403,0.730284956925116,21.42105263157895,41.69999999999919,381,2.1421052631577733,38.099999999997834,7.307687461745716,10.006624664042,49.1149,199.915,1099,0.01091901728844404,0.989080982711556,1.0,1.0,1,0.09999999999999432,0.09999999999999432,7.305102617538564,7.385747724631906,51.1149,199.915
106,0.09999999999999432,1540,0.3064935064935065,0.6935064935064935,15.733333333333333,30.849999999999866,382,1.5733333333332438,38.19999999999783,7.182265453303169,10.356450185474607,51.2644,199.964,1488,0.28225806451612906,0.717741935483871,14.482758620689655,4.599999999999998,382,1.4482758620688831,38.19999999999783,7.182265453303169,10.006751867523517,51.2644,199.964,1060,0.016981132075471698,0.9830188679245283,1.0,1.0,1,0.09999999999999432,0.09999999999999432,7.141897578883013,7.265270089842605,53.2644,199.164
112,0.09999999999999432,1510,0.3066225165562914,0.6933774834437085,27.235294117647058,119.19999999999976,380,2.723529411764551,37.99999999999784,7.195881234282635,10.378014005507907,54.4081,199.908,1456,0.2809065934065934,0.7190934065934066,25.5625,102.5,380,2.5562499999998547,37.99999999999784,7.195881234282635,10.006879729814248,54.4081,199.908,1022,0.005870841487279843,0.9941291585127201,1.0,1.0,1,0.09999999999999432,0.09999999999999432,7.154934616151138,7.197188167033921,57.4081,199.408
118,0.09999999999999432,1480,0.3614864864864865,0.6385135135135135,24.318181818181817,45.99999999999997,440,2.4318181818180435,43.9999999999975,6.603782814511272,10.34243234441977,56.8572,199.957,1432,0.3400837988826816,0.6599162011173184,23.19047619047619,8.0,440,2.3190476190474874,43.9999999999975,6.603782814511272,10.007002106222371,56.8572,199.957,1371,0.3274981765134938,0.6725018234865062,56.125,287.0499999999997,440,5.612499999999681,43.9999999999975,6.63787852826282,9.87042457944504,60.9572,199.857
124,0.09999999999999432,1450,0.356551724137931,0.643448275862069,23.5,58.049999999999955,430,2.3499999999998664,42.999999999997556,6.721916545929134,10.446708458303585,61.1133,199.913,1389,0.3282937365010799,0.6717062634989202,21.714285714285715,2.0,430,2.1714285714284483,42.999999999997556,6.721916545929134,10.007226240402536,61.1133,199.913,918,0.010893246187363835,0.9891067538126361,1.1111111111111112,1.5999999999999996,2,0.1111111111111048,0.19999999999998863,6.58927414210626,6.661843240587606,62.1133,199.913
130,0.09999999999999432,1420,0.37253521126760564,0.6274647887323943,15.114285714285714,22.499999999999872,420,1.5114285714284854,41.99999999999761,6.52746296342423,10.402915160563868,63.4018,199.902,1366,0.34773060029282576,0.6522693997071742,13.970588235294118,8.349999999999998,420,1.3970588235293324,41.99999999999761,6.52746296342423,10.007311344598763,63.4018,199.902,880,0.025,0.975,1.0,1.0,1,0.09999999999999432,0.09999999999999432,6.509853551056827,6.676772872878797,67.5018,199.302
136,0.09999999999999432,1390,0.379136690647482,0.620863309352518,13.175,5.099999999999824,420,1.3174999999999253,41.99999999999761,6.513192800318188,10.490542285564636,67.4647,199.965,1326,0.3491704374057315,0.6508295625942685,11.871794871794872,2.0,420,1.1871794871794197,41.99999999999761,6.513192800318188,10.007524511265256,67.4647,199.965,850,0.029411764705882353,0.9705882352941176,1.0416666666666667,1.0,2,0.10416666666666076,0.19999999999998863,6.351024593476689,6.543479884188104,69.4647,199.365
142,0.09999999999999432,1360,0.3463235294117647,0.6536764705882353,19.625,44.64999999999989,390,1.9624999999998884,38.99999999999778,6.801857082959704,10.405540644347804,69.2394,199.939,1308,0.32033639143730885,0.6796636085626911,18.217391304347824,3.0,390,1.8217391304346788,38.99999999999778,6.801857082959704,10.007681737358036,69.2394,199.939,861,0.012775842044134728,0.9872241579558653,1.0,1.0,1,0.09999999999999432,0.09999999999999432,6.692934465935326,6.779548911965077,72.2394,199.239
148,0.09999999999999432,1330,0.3548872180451128,0.6451127819548872,19.666666666666668,45.0999999999999,380,1.966666666666555,37.99999999999784,6.718898664442696,10.415076018308607,72.2355,199.935,1278,0.3286384976525822,0.6713615023474178,18.26086956521739,5.799999999999997,380,1.8260869565216353,37.99999999999784,6.718898664442696,10.007870038645414,72.2355,199.935,846,0.015366430260047281,0.9846335697399528,1.0833333333333333,1.4499999999999993,2,0.10833333333332716,0.19999999999998863,6.690789922851096,6.795208012883586,75.4355,199.935
154,0.09999999999999432,1300,0.44769230769230767,0.5523076923076924,44.76923076923077,228.5999999999992,570,4.476923076922822,56.99999999999676,9.849108367626885,17.83264746227709,127.042,199.942,730,0.01643835616438356,0.9835616438356164,1.0,1.0,1,0.09999999999999432,0.09999999999999432,9.849108367626885,10.013717421124827,127.042,199.942,1300,0.44769230769230767,0.5523076923076924,44.76923076923077,228.5999999999992,570,4.476923076922822,56.99999999999676,9.849108367626885,17.83264746227709,127.042,199.942
16,0.09999999999999432,1760,0.36079545454545453,0.6392045454545454,14.767441860465116,49.99999999999993,381,1.4767441860464277,38.099999999997834,6.602097565621769,10.328614858217167,6.54261,176.943,1705,0.34017595307917886,0.6598240469208212,13.80952380952381,5.0,381,1.3809523809523025,38.099999999997834,6.602097565621769,10.00584564389788,6.54261,176.943,1107,0.023486901535682024,0.976513098464318,1.04,1.0,2,0.1039999999999941,0.19999999999998863,6.519888161903599,6.676703233327737,8.64261,174.443
160,0.09999999999999432,1270,0.4015748031496063,0.5984251968503937,26.842105263157894,88.9999999999992,422,2.6842105263156366,42.1999999999976,6.24485415800467,10.435479974560435,78.2068,199.907,1218,0.3760262725779967,0.6239737274220033,25.444444444444443,73.49999999999942,422,2.5444444444442995,42.1999999999976,6.24485415800467,10.008200479539063,78.2068,199.907,747,0.009370816599732263,0.9906291834002677,1.0,1.0,1,0.09999999999999432,0.09999999999999432,6.239444588251463,6.298466361383571,81.3067,199.907
166,0.09999999999999432,1239,0.513317191283293,0.486682808716707,39.75,202.5,420,3.974999999999774,41.99999999999761,5.118854191603042,10.517844682249036,82.1002,199.9,1179,0.48854961832061067,0.5114503816793894,38.4,216.9999999999997,420,3.8399999999997814,41.99999999999761,5.118854191603042,10.008505956716395,82.1002,199.9,597,0.011725293132328308,0.9882747068676717,1.0,1.0,1,0.09999999999999432,0.09999999999999432,5.0993993944679294,5.159900743215855,84.2001,199.9
172,0.09999999999999432,1210,0.40082644628099173,0.5991735537190083,25.526315789473685,93.09999999999927,400,2.5526315789472234,39.999999999997726,6.304358790189201,10.521757429143356,84.9222,199.922,1151,0.37011294526498695,0.629887054735013,23.666666666666668,62.549999999999436,400,2.366666666666532,39.999999999997726,6.304358790189201,10.008713058631407,84.9222,199.922,1110,0.36486486486486486,0.6351351351351351,67.5,300.25,400,6.749999999999616,39.999999999997726,6.294654097596603,9.91073198344997,87.9222,199.922
178,0.09999999999999432,1180,0.3923728813559322,0.6076271186440678,30.866666666666667,153.89999999999964,380,3.0866666666664915,37.99999999999784,6.390357245034103,10.516905926276488,87.7297,199.93,1123,0.36153161175422976,0.6384683882457702,29.0,137.54999999999987,380,2.899999999999835,37.99999999999784,6.390357245034103,10.008885894244488,87.7297,199.93,700,0.01,0.99,1.0,1.0,1,0.09999999999999432,0.09999999999999432,6.305715271022918,6.369409364669614,89.7297,199.63
184,0.09999999999999432,1150,0.4043478260869565,0.5956521739130435,21.136363636363637,57.14999999999996,380,2.1136363636362434,37.99999999999784,6.290145591618036,10.560098438482834,91.0405,199.941,1090,0.37155963302752293,0.6284403669724771,19.285714285714285,3.0,380,1.928571428571319,37.99999999999784,6.290145591618036,10.00913678082286,91.0405,199.941,1060,0.37075471698113205,0.629245283018868,30.23076923076923,153.19999999999948,380,3.023076923076751,37.99999999999784,6.239446962362196,9.91576278876151,93.0405,199.941
190,0.09999999999999432,1120,0.40982142857142856,0.5901785714285714,28.6875,133.25,383,2.868749999999837,38.29999999999782,6.18337206126122,10.477120587916138,93.0884,199.988,1070,0.3822429906542056,0.6177570093457945,27.266666666666666,119.0999999999996,383,2.7266666666665116,38.29999999999782,6.18337206126122,10.00939199024131,93.0884,199.988,1033,0.377541142303969,0.622458857696031,48.75,249.29999999999978,383,4.874999999999723,38.29999999999782,6.1946288810361505,9.951868793328684,96.1884,199.988
196,0.09999999999999432,1090,0.42385321100917434,0.5761467889908256,30.8,149.59999999999965,382,3.079999999999825,38.19999999999783,6.04428497456203,10.490876787058301,96.0682,199.968,1040,0.39615384615384613,0.6038461538461539,29.428571428571427,139.54999999999987,382,2.9428571428569756,38.19999999999783,6.04428497456203,10.009643906918013,96.0682,199.968,620,0.00967741935483871,0.9903225806451613,1.0,1.0,1,0.09999999999999432,0.09999999999999432,6.085244965797752,6.144709900316949,99.0682,199.968
202,0.09999999999999432,1060,0.43113207547169813,0.5688679245283019,28.5625,134.0,380,2.8562499999998376,37.99999999999784,5.988065576765909,10.526284430135759,99.2037,199.904,1008,0.4017857142857143,0.5982142857142857,27.0,119.5999999999996,380,2.6999999999998465,37.99999999999784,5.988065576765909,10.009900665638533,99.2037,199.904,586,0.010238907849829351,0.9897610921501706,1.0,1.0,1,0.09999999999999432,0.09999999999999432,5.93654042988741,5.9979529170931425,102.204,199.904
208,0.09999999999999432,1030,0.46116504854368934,0.5388349514563107,22.61904761904762,45.0,392,2.2619047619046335,39.19999999999777,5.640243902439024,10.467479674796747,101.511,199.911,985,0.4365482233502538,0.5634517766497462,21.5,32.90000000000027,392,2.149999999999878,39.19999999999777,5.640243902439024,10.010162601626016,101.511,199.911,530,0.013207547169811321,0.9867924528301887,1.0,1.0,1,0.09999999999999432,0.09999999999999432,5.6297093649085035,5.705059203444564,106.511,199.411
214,0.09999999999999432,1000,0.498,0.502,13.45945945945946,16.79999999999977,390,1.3459459459458694,38.99999999999778,5.346055952545766,10.64951384969276,106.053,199.954,940,0.46595744680851064,0.5340425531914894,12.166666666666666,6.0,390,1.2166666666665975,38.99999999999778,5.346055952545766,10.010543018711195,106.053,199.954,901,0.46170921198668147,0.5382907880133185,16.64,2.0,390,1.6639999999999056,38.99999999999778,5.277418091206841,9.80402824778838,108.053,199.954
22,0.09999999999999432,1747,0.27876359473382945,0.7212364052661706,19.48,53.59999999999984,380,1.9479999999998894,37.99999999999784,7.495542828996328,10.39262962083856,10.5991,178.699,1682,0.25089179548156954,0.7491082045184305,17.583333333333332,7.549999999999994,380,1.7583333333332332,37.99999999999784,7.495542828996328,10.00595479235859,10.5991,178.699,1211,0.002477291494632535,0.9975227085053675,1.0,1.0,1,0.09999999999999432,0.09999999999999432,7.456794726416498,7.475313256366208,12.5991,174.599
220,0.09999999999999432,970,0.47216494845360824,0.5278350515463918,24.105263157894736,83.99999999999929,381,2.4105263157893364,38.099999999997834,5.577342047930284,10.566448801742922,108.174,199.974,919,0.4428726877040261,0.5571273122959739,22.61111111111111,62.24999999999947,381,2.2611111111109827,38.099999999997834,5.577342047930284,10.010893246187365,108.174,199.974,489,0.0081799591002045,0.9918200408997955,1.0,1.0,1,0.09999999999999432,0.09999999999999432,5.461711711711713,5.506756756756758,111.174,199.974
226,0.09999999999999432,940,0.4819148936170213,0.5180851063829788,30.2,148.99999999999966,380,3.019999999999828,37.99999999999784,5.47806524184477,10.573678290213724,111.02,199.92,890,0.45280898876404496,0.547191011235955,28.785714285714285,135.59999999999985,380,2.8785714285712647,37.99999999999784,5.47806524184477,10.01124859392576,111.02,199.92,850,0.4505882352941176,0.5494117647058824,95.75,323.14999999999986,380,9.574999999999456,37.99999999999784,5.436554132712457,9.89522700814901,114.02,199.92
232,0.09999999999999432,910,0.5252747252747253,0.4747252747252747,14.484848484848484,25.599999999999923,380,1.448484848484766,37.99999999999784,5.076380728554641,10.693301997649822,114.841,199.941,852,0.49295774647887325,0.5070422535211268,13.125,3.4499999999999993,380,1.3124999999999254,37.99999999999784,5.076380728554641,10.011750881316098,114.841,199.941,810,0.4962962962962963,0.5037037037037038,18.272727272727273,1.9499999999999993,380,1.8272727272726235,37.99999999999784,4.921592279855246,9.770808202653797,116.841,199.741
238,0.09999999999999432,880,0.6863636363636364,0.3136363636363636,9.151515151515152,8.0,381,0.9151515151514632,38.099999999997834,3.3495145631067955,10.679611650485434,117.579,199.979,825,0.6654545454545454,0.3345454545454546,8.446153846153846,8.0,381,0.8446153846153366,38.099999999997834,3.3495145631067955,10.012135922330094,117.579,199.979,181,0.04419889502762431,0.9558011049723757,1.0,1.0,1,0.09999999999999432,0.09999999999999432,3.0404217926186283,3.181019332161686,120.579,177.479
244,0.09999999999999432,850,0.5576470588235294,0.4423529411764706,26.333333333333332,109.49999999999953,390,2.6333333333331836,38.99999999999778,4.76552598225602,10.773130544993663,121.089,199.989,790,0.5240506329113924,0.4759493670886076,24.352941176470587,81.99999999999973,390,2.43529411764692,38.99999999999778,4.76552598225602,10.012674271229404,121.089,199.989,760,0.5276315789473685,0.47236842105263155,33.416666666666664,176.04999999999973,390,3.3416666666664763,38.99999999999778,4.729907773386034,10.013175230566533,124.089,199.989
250,0.09999999999999432,820,0.5658536585365853,0.4341463414634147,29.0,125.0,380,2.899999999999835,37.99999999999784,4.569961489088576,10.526315789473685,122.092,199.992,780,0.5435897435897435,0.45641025641025645,28.266666666666666,124.49999999999962,380,2.826666666666506,37.99999999999784,4.569961489088576,10.01283697047497,122.092,199.992,730,0.5301369863013699,0.46986301369863015,55.285714285714285,266.59999999999974,380,5.528571428571114,37.99999999999784,4.5855614973262036,9.759358288770054,125.192,199.992
256,0.09999999999999432,790,0.5949367088607594,0.40506329113924056,20.434782608695652,46.69999999999994,380,2.043478260869449,37.99999999999784,4.336043360433605,10.70460704607046,126.153,199.953,739,0.5669824086603519,0.4330175913396481,19.045454545454547,7.849999999999998,380,1.9045454545453464,37.99999999999784,4.336043360433605,10.013550135501355,126.153,199.953,291,0.030927835051546393,0.9690721649484536,1.0,1.0,1,0.09999999999999432,0.09999999999999432,4.09288824383164,4.2235123367198835,130.253,199.153
262,0.09999999999999432,760,0.6144736842105263,0.3855263157894737,20.304347826086957,55.19999999999992,380,2.0304347826085802,37.99999999999784,4.197707736389684,10.888252148997132,130.124,199.924,699,0.580829756795422,0.41917024320457796,18.454545454545453,3.0,380,1.8454545454544404,37.99999999999784,4.197707736389684,10.014326647564468,130.124,199.924,289,0.04152249134948097,0.9584775086505191,1.0,1.0,1,0.09999999999999432,0.09999999999999432,4.085545722713864,4.262536873156342,132.124,199.924
268,0.09999999999999432,730,0.8383561643835616,0.16164383561643836,9.0,8.0,386,0.8999999999999488,38.599999999997806,1.766467065868263,10.92814371257485,133.179,199.979,669,0.8236173393124065,0.17638266068759345,8.223880597014926,8.0,386,0.8223880597014458,38.599999999997806,1.766467065868263,10.014970059880238,133.179,199.979,32,0.21875,0.78125,1.4,2.5999999999999996,3,0.13999999999999202,0.29999999999998295,6.578947368421033,8.421052631578922,134.179,137.979
274,0.09999999999999432,700,0.6628571428571428,0.3371428571428572,25.77777777777778,101.19999999999953,380,2.5777777777776314,37.99999999999784,3.6476043276661523,10.81916537867079,135.269,199.969,648,0.6358024691358025,0.3641975308641975,24.235294117647058,82.39999999999974,380,2.423529411764568,37.99999999999784,3.6476043276661523,10.01545595054096,135.269,199.969,219,0.0273972602739726,0.9726027397260274,1.0,1.0,1,0.09999999999999432,0.09999999999999432,3.4521880064829826,3.5494327390599683,138.269,199.969
28,0.09999999999999432,1724,0.35266821345707655,0.6473317865429234,19.0,87.39999999999995,383,1.899999999999892,38.29999999999782,6.690635448497395,10.33571282545655,12.5377,179.338,1669,0.3313361294188137,0.6686638705811863,17.838709677419356,65.5,383,1.7838709677418343,38.29999999999782,6.690635448497395,10.005977207475047,12.5377,179.338,1080,0.011111111111111112,0.9888888888888889,1.0909090909090908,1.5,2,0.10909090909090288,0.19999999999998863,6.596652384214236,6.670772073924509,14.5377,176.438
280,0.09999999999999432,670,0.6850746268656717,0.31492537313432833,24.157894736842106,86.6999999999993,381,2.4157894736840735,38.099999999997834,3.430894308943089,10.894308943089431,138.487,199.987,616,0.6574675324675324,0.3425324675324676,22.5,60.549999999999464,381,2.249999999999872,38.099999999997834,3.430894308943089,10.016260162601625,138.487,199.987,190,0.03684210526315789,0.9631578947368421,1.0,1.0,1,0.09999999999999432,0.09999999999999432,3.1606217616580308,3.281519861830742,141.487,199.387
286,0.09999999999999432,640,0.721875,0.27812499999999996,27.176470588235293,117.59999999999977,380,2.717647058823375,37.99999999999784,3.032367972742759,10.902896081771717,141.283,199.983,588,0.6972789115646258,0.30272108843537415,25.625,103.25,380,2.5624999999998543,37.99999999999784,3.032367972742759,10.017035775127765,141.283,199.983,178,0.056179775280898875,0.9438202247191011,1.0,1.0,1,0.09999999999999432,0.09999999999999432,2.962962962962962,3.139329805996472,143.283,199.983
292,0.09999999999999432,610,0.7672131147540984,0.23278688524590163,33.42857142857143,166.39999999999986,390,3.342857142856953,38.99999999999778,2.5222024866785073,10.834813499111899,143.66,199.96,564,0.74822695035461,0.25177304964539005,32.46153846153846,161.99999999999946,390,3.2461538461536614,38.99999999999778,2.5222024866785073,10.017761989342805,143.66,199.96,120,0.03333333333333333,0.9666666666666667,1.3333333333333333,1.9,2,0.13333333333332575,0.19999999999998863,2.235067437379576,2.312138728323699,147.66,199.56
298,0.09999999999999432,580,0.8689655172413793,0.13103448275862073,31.5,147.5,422,3.149999999999821,42.1999999999976,1.4531548757170176,11.089866156787766,147.626,199.926,524,0.8549618320610687,0.14503816793893132,29.866666666666667,131.49999999999955,422,2.986666666666497,42.1999999999976,1.4531548757170176,10.019120458891017,147.626,199.926,50,0.12,0.88,1.0,1.0,1,0.09999999999999432,0.09999999999999432,8.979591836734684,10.204081632653049,149.626,154.526
304,0.09999999999999432,130,0.6153846153846154,0.3846153846153846,5.0,19.75,55,0.4999999999999716,5.499999999999687,6.757669955399377,17.569941884038382,150.557,157.956,75,0.3333333333333333,0.6666666666666667,1.6666666666666667,5.199999999999996,8,0.1666666666666572,0.7999999999999545,6.757669955399377,10.136504933099067,150.557,157.956,30,0.13333333333333333,0.8666666666666667,1.0,1.0,1,0.09999999999999432,0.09999999999999432,8.965517241379294,10.344827586206875,152.656,155.556
316,0.09999999999999432,121,0.628099173553719,0.371900826446281,7.6,32.549999999999955,51,0.7599999999999567,5.09999999999971,6.5217391304348045,17.53623188405803,156.127,163.027,70,0.35714285714285715,0.6428571428571428,2.7777777777777777,7.599999999999998,10,0.27777777777776197,0.9999999999999432,6.5217391304348045,10.144927536231917,156.127,163.027,42,0.14285714285714285,0.8571428571428572,1.2,1.7999999999999998,2,0.11999999999999317,0.19999999999998863,9.230769230769285,10.769230769230832,159.127,163.027
328,0.09999999999999432,120,0.6416666666666667,0.3583333333333333,6.416666666666667,29.19999999999996,60,0.6416666666666302,5.999999999999659,7.288135593220332,20.33898305084744,163.022,168.922,60,0.2833333333333333,0.7166666666666667,1.5454545454545454,3.0,4,0.15454545454544574,0.39999999999997726,7.288135593220332,10.16949152542372,163.022,168.922,60,0.2833333333333333,0.7166666666666667,1.5454545454545454,3.0,4,0.15454545454544574,0.39999999999997726,7.288135593220332,10.16949152542372,163.022,168.922
34,0.09999999999999432,1703,0.28185554903112153,0.7181444509688785,15.483870967741936,30.5,380,1.5483870967741056,37.99999999999784,7.425631360815254,10.340024699483546,15.5072,180.207,1648,0.25788834951456313,0.7421116504854368,14.166666666666666,5.099999999999994,380,1.4166666666665861,37.99999999999784,7.425631360815254,10.00608379609447,15.5072,180.207,1202,0.014143094841930116,0.9858569051580699,1.0625,1.25,2,0.10624999999999396,0.19999999999998863,7.410895705245226,7.51721235249347,17.5073,177.407
340,0.09999999999999432,128,0.6328125,0.3671875,6.230769230769231,27.599999999999945,51,0.6230769230768877,5.09999999999971,6.184210526315794,16.842105263157908,168.106,175.706,77,0.38961038961038963,0.6103896103896104,2.5,7.599999999999994,12,0.2499999999999858,1.1999999999999318,6.184210526315794,10.131578947368428,168.106,175.706,39,0.1282051282051282,0.8717948717948718,1.0,1.0,1,0.09999999999999432,0.09999999999999432,9.189189189189147,10.540540540540492,171.206,174.906
346,0.09999999999999432,120,0.6583333333333333,0.3416666666666667,6.076923076923077,24.999999999999922,58,0.6076923076922731,5.79999999999967,6.721311475409842,19.672131147541002,171.821,177.921,62,0.3387096774193548,0.6612903225806452,1.75,3.0,3,0.17499999999999005,0.29999999999998295,6.721311475409842,10.163934426229517,171.821,177.921,31,0.1935483870967742,0.8064516129032258,1.2,1.7999999999999998,2,0.11999999999999317,0.19999999999998863,8.928571428571392,11.071428571428527,173.921,176.721
352,0.09999999999999432,146,0.6095890410958904,0.3904109589041096,5.235294117647059,17.19999999999997,50,0.5235294117646762,4.999999999999716,6.000631645436365,15.370038951468583,174.019,183.518,96,0.40625,0.59375,2.4375,6.75,9,0.24374999999998614,0.8999999999999488,6.000631645436365,10.106326981787563,174.019,183.518,39,0.1282051282051282,0.8717948717948718,1.25,1.8499999999999996,2,0.1249999999999929,0.19999999999998863,8.947368421052605,10.263157894736812,179.118,182.918
358,0.09999999999999432,140,0.6285714285714286,0.37142857142857144,5.866666666666666,20.899999999999956,51,0.5866666666666333,5.09999999999971,5.909090909090921,15.90909090909094,177.163,185.963,89,0.4157303370786517,0.5842696629213483,2.642857142857143,7.35,8,0.26428571428569925,0.7999999999999545,5.909090909090921,10.113636363636383,177.163,185.963,30,0.13333333333333333,0.8666666666666667,1.0,1.0,1,0.09999999999999432,0.09999999999999432,9.285714285714342,10.71428571428578,182.163,184.963
364,0.09999999999999432,129,0.6201550387596899,0.3798449612403101,4.705882352941177,17.399999999999974,47,0.47058823529409094,4.699999999999733,6.049382716049387,15.925925925925936,179.725,187.825,82,0.4024390243902439,0.5975609756097561,2.0625,4.0,10,0.20624999999998828,0.9999999999999432,6.049382716049387,10.123456790123464,179.725,187.825,33,0.18181818181818182,0.8181818181818181,1.2,1.7999999999999998,2,0.11999999999999317,0.19999999999998863,6.923076923076913,8.46153846153845,182.725,186.625
370,0.09999999999999432,130,0.6153846153846154,0.3846153846153846,5.714285714285714,24.049999999999983,52,0.571428571428539,5.199999999999704,6.493506493506503,16.88311688311691,183.299,190.999,78,0.358974358974359,0.641025641025641,2.1538461538461537,6.599999999999994,9,0.21538461538460313,0.8999999999999488,6.493506493506503,10.129870129870145,183.299,190.999,42,0.16666666666666666,0.8333333333333334,1.1666666666666667,1.75,2,0.11666666666666005,0.19999999999998863,7.142857142857134,8.571428571428562,185.299,190.199
376,0.09999999999999432,140,0.6785714285714286,0.3214285714285714,8.636363636363637,35.0,61,0.8636363636363146,6.099999999999653,5.769230769230761,17.948717948717924,187.19,194.99,79,0.43037974683544306,0.5696202531645569,3.4,8.549999999999999,9,0.33999999999998065,0.8999999999999488,5.769230769230761,10.128205128205114,187.19,194.99,30,0.06666666666666667,0.9333333333333333,1.0,1.0,1,0.09999999999999432,0.09999999999999432,9.655172413793084,10.344827586206875,190.19,193.09
382,0.09999999999999432,130,0.6230769230769231,0.3769230769230769,5.4,21.299999999999955,50,0.5399999999999694,4.999999999999716,6.202531645569616,16.455696202531634,189.017,196.917,80,0.3875,0.6125,2.2142857142857144,5.099999999999998,9,0.22142857142855885,0.8999999999999488,6.202531645569616,10.126582278481006,189.017,196.917,30,0.03333333333333333,0.9666666666666667,1.0,1.0,1,0.09999999999999432,0.09999999999999432,9.99999999999998,10.344827586206875,193.017,195.917
388,0.09999999999999432,119,0.6638655462184874,0.33613445378151263,5.642857142857143,26.94999999999999,51,0.5642857142856822,5.09999999999971,5.970149253731353,17.761194029850778,192.18,198.88,68,0.4117647058823529,0.5882352941176471,2.1538461538461537,7.399999999999984,14,0.21538461538460313,1.3999999999999204,5.970149253731353,10.1492537313433,192.18,198.88,29,0.1724137931034483,0.8275862068965517,1.0,1.0,1,0.09999999999999432,0.09999999999999432,8.888888888888927,10.740740740740787,195.28,197.98
394,0.09999999999999432,100,0.71,0.29000000000000004,5.916666666666667,24.199999999999974,44,0.591666666666633,4.39999999999975,5.2727272727272725,18.181818181818183,194.478,199.978,56,0.48214285714285715,0.5178571428571428,2.4545454545454546,6.5,8,0.24545454545453152,0.7999999999999545,5.2727272727272725,10.181818181818182,194.478,199.978,56,0.48214285714285715,0.5178571428571428,2.4545454545454546,6.5,8,0.24545454545453152,0.7999999999999545,5.2727272727272725,10.181818181818182,194.478,199.978
40,0.09999999999999432,1688,0.2802132701421801,0.7197867298578199,22.523809523809526,61.0,382,2.2523809523808245,38.19999999999783,7.472338509849648,10.38132296677054,19.1343,181.734,1627,0.25322679778733864,0.7467732022126614,20.6,26.700000000000266,382,2.0599999999998833,38.19999999999783,7.472338509849648,10.006168523066155,19.1343,181.734,1200,0.008333333333333333,0.9916666666666667,1.0,1.0,1,0.09999999999999432,0.09999999999999432,7.484290850863241,7.547184051290663,20.1343,179.134
400,0.09999999999999432,70,0.9285714285714286,0.0714285714285714,13.0,39.199999999999996,47,1.299999999999926,4.699999999999733,2.272727272727255,31.81818181818157,197.784,199.984,23,0.782608695652174,0.21739130434782605,4.5,7.399999999999999,8,0.4499999999999744,0.7999999999999545,2.272727272727255,10.454545454545373,197.784,199.984,23,0.782608695652174,0.21739130434782605,4.5,7.399999999999999,8,0.4499999999999744,0.7999999999999545,2.272727272727255,10.454545454545373,197.784,199.984
46,0.09999999999999432,1677,0.2868217054263566,0.7131782945736433,16.586206896551722,34.5999999999999,380,1.658620689655078,37.99999999999784,7.369060543363472,10.332704457542258,21.3478,183.648,1624,0.26354679802955666,0.7364532019704433,15.285714285714286,5.599999999999994,380,1.5285714285713417,37.99999999999784,7.369060543363472,10.006149099015282,21.3478,183.648,1163,0.010318142734307825,0.9896818572656921,1.3333333333333333,2.5999999999999996,3,0.13333333333332575,0.29999999999998295,7.3358733768344475,7.412355114907439,23.3478,180.248
52,0.09999999999999432,1657,0.2957151478575739,0.7042848521424261,14.411764705882353,25.29999999999992,380,1.4411764705881533,37.99999999999784,7.266514196477329,10.317578426360697,24.0243,184.624,1607,0.2738021157436217,0.7261978842563783,13.333333333333334,8.399999999999991,380,1.3333333333332575,37.99999999999784,7.266514196477329,10.00624534167872,24.0243,184.624,1521,0.2596975673898751,0.7403024326101248,30.384615384615383,153.19999999999948,380,3.0384615384613656,37.99999999999784,7.364304835130481,9.947697739106093,28.1243,181.024
58,0.09999999999999432,1645,0.31975683890577505,0.680243161094225,18.785714285714285,38.29999999999994,420,1.8785714285713218,41.99999999999761,7.033303540787504,10.339396179263131,27.3928,186.493,1592,0.2971105527638191,0.7028894472361809,17.51851851851852,9.499999999999996,420,1.7518518518517523,41.99999999999761,7.033303540787504,10.006272776526993,27.3928,186.493,1103,0.016319129646418858,0.9836808703535811,1.2857142857142858,2.3999999999999986,5,0.12857142857142126,0.4999999999999716,7.096131986746911,7.21385583537497,30.3928,183.293
64,0.09999999999999432,1630,0.3196319018404908,0.6803680981595093,15.787878787878787,22.199999999999953,420,1.578787878787789,41.99999999999761,6.988045338488566,10.270977368562995,29.2854,187.985,1588,0.30163727959697734,0.6983627204030227,14.96875,7.349999999999998,420,1.496874999999915,41.99999999999761,6.988045338488566,10.006326417961986,29.2854,187.985,1081,0.010175763182238668,0.9898242368177613,1.0,1.0,1,0.09999999999999432,0.09999999999999432,7.086111486388044,7.158959361481753,34.2854,185.285
70,0.09999999999999432,1609,0.31821006836544435,0.6817899316345557,19.692307692307693,46.5,411,1.9692307692306574,41.099999999997664,7.086540418151104,10.39402327511862,34.0145,188.815,1549,0.2918011620400258,0.7081988379599742,18.08,5.599999999999994,411,1.807999999999897,41.099999999997664,7.086540418151104,10.00642762781774,34.0145,188.815,1501,0.28314457028647566,0.7168554297135243,30.357142857142858,145.14999999999986,411,3.0357142857141133,41.099999999997664,7.13052640647314,9.946951799364482,36.0145,186.915
76,0.09999999999999432,1690,0.3497041420118343,0.6502958579881657,19.7,49.74999999999993,391,1.9699999999998878,39.09999999999778,6.750597664379202,10.38080987516001,37.1666,199.967,1629,0.32535297728667895,0.674647022713321,18.275862068965516,31.199999999999974,391,1.8275862068964477,39.09999999999778,6.750597664379202,10.006117921086187,37.1666,199.967,1077,0.011142061281337047,0.9888579387186629,1.0,1.0,1,0.09999999999999432,0.09999999999999432,6.664564043644446,6.739657723009453,40.1666,199.967
82,0.09999999999999432,1660,0.2783132530120482,0.7216867469879518,24.31578947368421,77.99999999999929,375,2.4315789473682825,37.49999999999787,7.422571059655661,10.285031685332552,38.5014,199.901,1615,0.2582043343653251,0.7417956656346749,23.166666666666668,65.59999999999948,375,2.316666666666535,37.49999999999787,7.422571059655661,10.00622058542896,38.5014,199.901,1172,0.006825938566552901,0.9931740614334471,1.0,1.0,1,0.09999999999999432,0.09999999999999432,7.414031628106058,7.464987171941838,42.5014,199.501
88,0.09999999999999432,1630,0.30736196319018405,0.692638036809816,8.080645161290322,6.749999999999979,371,0.8080645161289862,37.09999999999789,7.15009046859375,10.322982696021091,42.0669,199.967,1580,0.28544303797468357,0.7145569620253165,7.39344262295082,2.0,371,0.73934426229504,37.09999999999789,7.15009046859375,10.0063267851002,42.0669,199.967,1522,0.2759526938239159,0.7240473061760841,8.571428571428571,1.0,371,0.8571428571428084,37.09999999999789,7.02357742283147,9.700439961478672,43.0669,199.967
94,0.09999999999999432,1600,0.294375,0.705625,22.428571428571427,60.0,381,2.2428571428570154,38.099999999997834,7.335932423651723,10.396361273554257,46.075,199.975,1540,0.2668831168831169,0.7331168831168831,20.55,23.800000000000267,381,2.0549999999998834,38.099999999997834,7.335932423651723,10.006497725795972,46.075,199.975,1511,0.2600926538716082,0.7399073461283918,32.75,172.54999999999973,381,3.274999999999814,38.099999999997834,7.360105332455564,9.947333772218567,48.075,199.975
